10,295,3,99,103,93,,,,,,,,,,,,,,,,
,,,Psek1in_101,Psek2in_103,Psekex_044,,,,,,,,,,,,,,,,
Ind,Pop,pse2_1, ,pse3_11, ,pse3_33b, ,pse3_34b, ,pse3_6, ,pse5_2, ,pse5_4, ,pse5_5, ,pse5_6, ,pse7_26b, 
"Psek1in_001","Psek1in_101","464","464","458","458","264","264","218","218","210","221","455","455","348","348","246","246","364","364","293","293"
"Psek1in_002","Psek1in_101","462","462","458","458","264","264","218","218","214","217","448","475","348","348","246","246","364","364","290","290"
"Psek1in_003","Psek1in_101","464","464","458","458","264","264","218","218","217","179","455","455","348","348","246","246","364","370","293","290"
"Psek1in_004","Psek1in_101","464","464","458","458","264","264","218","218","212","212","455","455","348","348","248","248","364","370","290","290"
"Psek1in_005","Psek1in_101","452","452","458","458","264","264","218","218","214","217","455","455","348","348","246","246","370","370","293","290"
"Psek1in_006","Psek1in_101","462","466","458","458","264","264","218","218","210","221","455","473","348","348","246","246","364","364","0","0"
"Psek1in_007","Psek1in_101","464","464","458","458","264","264","218","218","212","212","455","455","348","348","246","246","364","364","293","290"
"Psek1in_008","Psek1in_101","464","452","458","458","264","264","218","218","215","215","455","455","348","348","246","246","364","368","293","307"
"Psek1in_009","Psek1in_101","464","452","458","458","264","264","218","218","210","214","456","456","348","348","246","246","364","368","293","293"
"Psek1in_010","Psek1in_101","464","464","458","458","264","264","218","218","217","179","475","456","348","348","248","248","370","370","293","290"
"Psek1in_011","Psek1in_101","464","464","458","458","264","264","218","218","215","192","475","456","348","348","246","246","364","364","293","293"
"Psek1in_012","Psek1in_101","464","464","458","458","264","264","218","218","217","217","456","456","348","348","246","246","364","370","293","290"
"Psek1in_013","Psek1in_101","464","452","458","458","264","264","218","218","217","217","475","475","348","348","248","243","364","370","293","293"
"Psek1in_014","Psek1in_101","462","466","458","458","264","264","218","218","214","217","475","450","348","348","246","246","370","370","293","307"
"Psek1in_015","Psek1in_101","464","452","458","458","264","264","218","218","210","214","475","451","348","348","246","243","370","368","290","307"
"Psek1in_016","Psek1in_101","452","466","458","458","264","264","218","218","221","192","475","457","348","348","246","246","364","364","290","290"
"Psek1in_017","Psek1in_101","0","0","458","458","264","264","0","0","217","179","0","0","0","0","246","241","0","0","0","0"
"Psek1in_018","Psek1in_101","464","462","458","458","264","264","218","218","210","221","456","456","348","348","248","248","370","370","293","307"
"Psek1in_019","Psek1in_101","462","462","458","458","264","264","218","218","212","212","475","450","348","348","246","246","364","370","293","293"
"Psek1in_020","Psek1in_101","462","462","458","458","264","264","218","218","219","223","450","450","348","348","246","246","364","368","293","290"
"Psek1in_021","Psek1in_101","0","0","0","0","264","264","0","0","0","0","0","0","0","0","0","0","0","0","0","0"
"Psek1in_022","Psek1in_101","452","452","458","458","264","264","218","218","179","212","475","450","348","348","246","241","0","0","293","293"
"Psek1in_023","Psek1in_101","464","452","458","458","264","264","218","218","221","217","456","477","348","348","248","248","364","370","293","293"
"Psek1in_024","Psek1in_101","464","452","458","458","264","264","218","218","214","217","475","475","348","348","248","248","368","368","293","293"
"Psek1in_025","Psek1in_101","464","466","458","458","264","264","218","218","221","217","448","452","348","348","246","236","370","370","293","293"
"Psek1in_026","Psek1in_101","462","462","458","458","264","264","218","218","221","217","448","448","348","348","248","248","370","370","293","307"
"Psek1in_028","Psek1in_101","452","466","458","458","264","264","218","218","214","217","475","458","348","348","248","248","364","370","293","293"
"Psek1in_029","Psek1in_101","464","464","458","458","264","264","218","218","217","217","456","456","348","348","248","248","364","370","290","307"
"Psek1in_030","Psek1in_101","452","466","458","458","264","264","218","218","210","179","448","456","348","348","246","241","370","370","293","290"
"Psek1in_031","Psek1in_101","464","452","458","458","264","264","0","0","179","179","0","0","0","0","246","246","0","0","0","0"
"Psek1in_032","Psek1in_101","452","452","458","458","264","264","218","218","179","215","456","450","348","348","246","246","364","370","293","293"
"Psek1in_033","Psek1in_101","462","466","452","452","264","264","218","218","210","215","456","456","348","348","246","241","370","370","293","290"
"Psek1in_034","Psek1in_101","464","462","458","458","264","264","218","218","214","217","448","456","348","348","243","252","0","0","293","290"
"Psek1in_035","Psek1in_101","464","466","458","458","264","264","218","218","217","217","475","456","348","348","250","250","364","368","293","290"
"Psek1in_036","Psek1in_101","464","452","458","458","264","264","218","218","179","192","456","456","348","348","250","250","370","368","290","290"
"Psek1in_037","Psek1in_101","464","462","458","458","264","264","218","218","210","214","473","456","348","348","248","248","364","368","293","290"
"Psek1in_038","Psek1in_101","466","466","458","458","264","264","218","218","210","215","448","456","348","348","246","246","370","370","293","293"
"Psek1in_039","Psek1in_101","464","452","458","458","264","264","218","218","214","217","448","456","348","348","246","241","364","370","293","290"
"Psek1in_040","Psek1in_101","464","452","458","458","264","264","218","218","212","212","475","456","348","348","248","248","364","370","290","290"
"Psek1in_041","Psek1in_101","466","466","458","458","264","264","218","218","212","212","450","450","348","348","246","246","364","368","293","290"
"Psek1in_042","Psek1in_101","462","466","458","458","264","264","218","218","221","208","448","456","348","348","246","246","370","370","290","290"
"Psek1in_043","Psek1in_101","464","466","458","458","264","264","218","218","215","215","475","475","348","348","246","246","364","364","0","0"
"Psek1in_044","Psek1in_101","464","464","458","458","264","264","218","218","221","217","475","456","348","348","248","248","0","0","290","307"
"Psek1in_045","Psek1in_101","464","466","458","458","264","264","218","218","215","192","448","456","348","348","246","246","364","364","293","307"
"Psek1in_046","Psek1in_101","464","464","458","458","264","264","218","218","221","179","475","456","348","348","246","246","370","368","290","290"
"Psek1in_047","Psek1in_101","464","452","458","458","264","264","218","218","214","217","448","456","348","348","246","241","370","370","307","307"
"Psek1in_048","Psek1in_101","464","462","458","458","264","264","218","218","212","212","475","450","348","348","241","241","364","368","293","290"
"Psek1in_049","Psek1in_101","466","466","458","458","264","264","218","218","215","215","456","456","348","348","243","241","370","368","293","307"
"Psek1in_050","Psek1in_101","464","452","458","458","264","264","218","218","214","217","475","452","348","348","246","246","370","368","293","307"
"Psek1in_051","Psek1in_101","464","464","458","458","264","264","218","218","212","212","475","450","348","348","246","246","364","368","0","0"
"Psek1in_052","Psek1in_101","452","452","458","458","264","264","218","218","221","217","456","456","348","348","248","248","364","370","290","290"
"Psek1in_053","Psek1in_101","464","464","458","458","264","264","218","218","214","217","452","452","348","348","246","246","364","370","293","290"
"Psek1in_054","Psek1in_101","462","452","458","458","264","264","218","218","219","223","456","450","348","348","248","248","364","364","290","307"
"Psek1in_055","Psek1in_101","466","460","458","458","264","264","218","218","214","217","456","463","348","348","248","248","370","370","290","290"
"Psek1in_056","Psek1in_101","464","462","458","458","264","264","218","218","212","192","456","456","348","348","246","246","370","368","290","290"
"Psek1in_057","Psek1in_101","452","466","458","458","264","264","0","0","179","215","456","456","348","348","246","246","368","368","293","290"
"Psek1in_058","Psek1in_101","462","462","458","458","264","264","218","218","210","210","456","456","348","348","246","246","364","370","290","290"
"Psek1in_059","Psek1in_101","464","452","458","458","264","264","218","218","217","217","451","451","348","348","246","241","364","368","293","293"
"Psek1in_060","Psek1in_101","464","466","458","458","264","264","218","218","214","217","475","449","348","348","246","241","364","368","0","0"
"Psek1in_061","Psek1in_101","466","466","458","458","264","264","218","218","212","192","456","477","348","348","246","241","370","368","290","290"
"Psek1in_062","Psek1in_101","464","462","458","458","264","264","218","218","210","217","475","456","348","348","246","246","364","364","290","290"
"Psek1in_06","Psek1in_101","464","464","458","458","264","264","218","218","179","212","456","456","348","348","241","254","368","368","293","290"
"Psek1in_064","Psek1in_101","464","452","458","458","264","264","218","218","215","192","475","456","348","348","246","246","364","370","293","307"
"Psek1in_065","Psek1in_101","462","452","458","458","264","264","218","218","179","212","475","463","348","348","246","246","364","370","293","290"
"Psek1in_066","Psek1in_101","464","466","458","458","264","264","218","218","210","215","456","450","348","348","248","248","370","368","290","290"
"Psek1in_067","Psek1in_101","464","466","458","458","264","264","218","218","210","215","456","452","348","348","246","246","364","368","293","290"
"Psek1in_068","Psek1in_101","464","466","458","458","264","264","218","218","214","217","475","452","348","348","241","241","364","368","290","290"
"Psek1in_069","Psek1in_101","452","466","458","458","264","264","218","218","221","208","475","456","348","348","248","241","364","368","290","290"
"Psek1in_071","Psek1in_101","464","466","458","458","264","264","218","218","214","217","456","456","348","348","246","241","364","364","293","293"
"Psek1in_072","Psek1in_101","464","452","458","458","264","264","218","218","212","192","475","452","348","348","248","248","370","370","293","307"
"Psek1in_073","Psek1in_101","464","452","458","458","264","264","218","218","221","221","456","456","348","348","246","246","370","370","293","290"
"Psek1in_074","Psek1in_101","464","460","458","458","264","264","218","218","221","217","456","452","348","348","248","248","370","370","293","293"
"Psek1in_075","Psek1in_101","464","464","458","458","264","264","218","218","221","212","456","449","348","348","246","246","370","368","307","307"
"Psek1in_076","Psek1in_101","464","452","458","458","264","264","218","218","216","216","456","456","348","348","248","248","364","370","293","293"
"Psek1in_077","Psek1in_101","464","462","458","458","264","266","218","218","221","212","452","458","348","348","246","246","370","370","293","293"
"Psek1in_078","Psek1in_101","452","466","458","458","264","264","218","218","221","217","475","456","348","348","248","241","368","368","290","290"
"Psek1in_079","Psek1in_101","464","464","458","458","264","264","218","218","214","217","456","449","348","348","248","248","364","370","293","290"
"Psek1in_080","Psek1in_101","464","462","458","458","264","264","218","218","215","215","456","449","348","348","246","246","364","368","293","290"
"Psek1in_081","Psek1in_101","464","452","458","458","264","264","218","218","221","217","475","456","348","348","246","241","370","368","293","290"
"Psek1in_082","Psek1in_101","452","452","458","458","264","264","218","218","221","217","456","452","348","348","241","250","364","370","290","307"
"Psek1in_083","Psek1in_101","464","466","458","458","264","264","218","218","221","217","456","449","348","348","248","241","364","368","293","293"
"Psek1in_084","Psek1in_101","464","466","458","458","264","264","218","218","221","179","456","451","348","348","246","246","364","370","290","290"
"Psek1in_085","Psek1in_101","464","452","458","458","264","264","218","218","221","217","456","456","348","348","246","246","370","368","290","290"
"Psek1in_086","Psek1in_101","464","466","458","458","264","264","218","218","212","212","475","456","348","348","248","241","364","368","293","293"
"Psek1in_087","Psek1in_101","464","464","458","458","264","264","218","218","215","192","456","449","348","348","246","246","370","370","293","293"
"Psek1in_088","Psek1in_101","464","452","458","458","264","264","218","218","221","221","0","0","348","348","246","246","370","368","293","290"
"Psek1in_089","Psek1in_101","464","462","458","458","264","264","218","218","217","217","448","456","348","348","246","246","364","368","293","293"
"Psek1in_090","Psek1in_101","464","462","458","458","264","264","218","218","218","218","456","452","348","348","246","241","364","370","293","307"
"Psek1in_091","Psek1in_101","464","462","458","458","264","264","218","218","214","217","456","452","348","348","248","243","370","370","0","0"
"Psek1in_092","Psek1in_101","464","452","458","458","264","264","218","218","210","217","456","452","348","348","248","248","0","0","293","290"
"Psek1in_093","Psek1in_101","462","466","458","458","264","264","218","218","210","210","456","456","348","348","241","241","370","370","290","290"
"Psek1in_094","Psek1in_101","464","462","458","458","264","264","218","218","210","215","475","456","348","348","241","284","370","370","293","290"
"Psek1in_095","Psek1in_101","464","452","458","458","264","264","218","218","217","217","473","473","348","348","246","241","370","370","290","307"
"Psek1in_096","Psek1in_101","464","452","458","458","264","264","218","218","214","217","475","456","348","348","246","241","364","368","290","307"
"Psek1in_097","Psek1in_101","0","0","0","0","264","264","0","0","0","0","0","0","0","0","0","0","0","0","0","0"
"Psek1in_098","Psek1in_101","462","460","458","458","264","264","218","218","215","215","456","452","348","348","246","246","370","370","290","290"
"Psek1in_099","Psek1in_101","464","464","458","458","264","264","218","218","214","217","455","455","348","348","248","225","0","0","290","290"
"Psek1in_100","Psek1in_101","464","452","458","458","264","264","218","218","221","217","475","450","348","348","246","246","364","368","293","293"
"Psek1in_101","Psek1in_101","462","462","452","452","264","264","218","218","214","217","455","475","348","348","248","248","364","370","293","290"
"Psek2in_001","Psek2in_103","0","0","458","458","264","264","218","218","212","212","475","475","348","348","248","248","368","368","290","290"
"Psek2in_002","Psek2in_103","452","452","458","458","264","264","218","218","219","223","452","452","348","348","246","246","0","0","290","290"
"Psek2in_003","Psek2in_103","464","466","458","458","264","264","218","218","221","217","475","452","348","348","246","246","364","368","290","307"
"Psek2in_004","Psek2in_103","464","462","458","458","264","264","218","218","221","221","475","450","348","348","246","246","370","368","290","290"
"Psek2in_005","Psek2in_103","466","466","458","458","264","264","218","218","212","212","456","456","348","348","246","246","364","370","290","290"
"Psek2in_006","Psek2in_103","464","466","458","458","264","264","218","218","214","217","456","452","348","348","246","246","370","368","293","290"
"Psek2in_007","Psek2in_103","464","452","458","458","264","264","218","218","221","192","477","452","348","348","248","248","364","368","290","290"
"Psek2in_008","Psek2in_103","464","464","458","458","264","264","218","218","221","212","455","477","348","348","246","246","370","368","290","290"
"Psek2in_009","Psek2in_103","0","0","458","458","264","264","218","218","212","192","448","448","348","348","250","250","364","370","290","290"
"Psek2in_010","Psek2in_103","462","462","458","458","264","264","218","218","219","223","456","450","348","348","248","248","364","368","293","290"
"Psek2in_011","Psek2in_103","462","466","458","458","264","264","218","218","221","221","475","475","348","348","246","246","370","368","290","290"
"Psek2in_012","Psek2in_103","464","452","458","458","264","264","218","218","210","210","475","452","348","348","246","246","370","368","290","290"
"Psek2in_013","Psek2in_103","462","462","458","458","264","264","218","218","221","212","475","452","348","348","246","246","364","370","293","290"
"Psek2in_014","Psek2in_103","462","452","458","458","264","264","218","218","221","212","475","456","348","348","246","246","370","368","290","290"
"Psek2in_015","Psek2in_103","452","466","458","458","264","264","218","218","212","212","456","456","348","348","246","246","368","368","293","290"
"Psek2in_016","Psek2in_103","452","452","458","458","264","264","218","218","221","221","456","456","348","348","246","241","370","368","293","290"
"Psek2in_017","Psek2in_103","464","452","458","458","264","264","218","218","212","212","475","475","348","348","248","241","0","0","290","290"
"Psek2in_018","Psek2in_103","464","462","458","458","264","264","218","218","221","221","456","452","348","348","246","246","0","0","293","290"
"Psek2in_019","Psek2in_103","464","466","458","458","264","264","218","218","221","221","475","456","348","348","246","246","370","368","290","290"
"Psek2in_020","Psek2in_103","462","452","458","458","264","264","218","218","221","221","475","452","348","348","246","246","364","370","290","290"
"Psek2in_021","Psek2in_103","464","464","458","458","264","264","218","218","210","221","452","452","348","348","246","241","364","368","293","290"
"Psek2in_022","Psek2in_103","464","464","458","458","264","264","218","218","221","208","473","473","348","348","246","246","366","366","290","290"
"Psek2in_023","Psek2in_103","452","466","458","458","264","264","218","218","221","221","475","456","348","348","246","246","370","368","293","290"
"Psek2in_024","Psek2in_103","452","452","458","458","264","264","218","218","212","212","475","475","348","348","246","246","364","368","290","290"
"Psek2in_025","Psek2in_103","464","452","458","458","264","264","218","218","221","192","456","456","348","348","246","238","370","368","293","290"
"Psek2in_026","Psek2in_103","464","462","452","452","264","264","218","218","221","212","475","456","348","348","248","248","370","368","293","290"
"Psek2in_027","Psek2in_103","464","466","458","458","264","264","218","218","221","192","475","456","348","348","246","246","370","368","290","307"
"Psek2in_028","Psek2in_103","464","466","458","458","264","264","218","218","210","214","456","452","348","348","246","246","370","368","290","290"
"Psek2in_029","Psek2in_103","452","452","458","458","264","264","218","218","221","212","475","450","348","348","248","248","368","368","293","293"
"Psek2in_030","Psek2in_103","462","452","458","458","264","264","218","218","214","217","450","450","348","348","246","246","370","368","293","290"
"Psek2in_031","Psek2in_103","464","462","458","458","264","264","218","218","221","221","475","452","348","348","246","246","370","368","293","290"
"Psek2in_032","Psek2in_103","462","452","458","458","264","264","218","218","221","221","450","450","348","348","246","246","370","368","290","290"
"Psek2in_033","Psek2in_103","462","452","458","458","264","264","218","218","210","179","456","450","348","348","246","241","364","370","293","290"
"Psek2in_034","Psek2in_103","464","452","452","452","264","264","218","218","214","217","475","456","348","348","246","241","364","368","293","290"
"Psek2in_035","Psek2in_103","464","462","458","458","264","264","218","218","208","208","450","450","348","348","246","246","370","370","290","290"
"Psek2in_036","Psek2in_103","462","452","458","458","264","264","218","218","221","212","456","452","348","348","246","246","368","368","290","290"
"Psek2in_037","Psek2in_103","464","452","458","458","264","264","218","218","214","217","475","475","348","348","246","246","370","368","293","290"
"Psek2in_038","Psek2in_103","452","452","458","458","264","264","218","218","219","223","475","456","348","348","248","248","370","370","293","290"
"Psek2in_039","Psek2in_103","466","466","458","458","264","264","218","218","210","210","456","456","348","348","248","248","364","368","293","293"
"Psek2in_040","Psek2in_103","462","462","458","458","264","264","218","218","0","0","475","452","348","348","246","246","370","370","293","290"
"Psek2in_041","Psek2in_103","464","462","458","458","264","264","218","218","221","212","456","456","348","348","246","246","364","368","290","290"
"Psek2in_042","Psek2in_103","464","452","458","458","264","264","218","218","210","214","475","456","348","348","246","246","364","368","293","290"
"Psek2in_043","Psek2in_103","452","466","458","458","264","264","218","218","221","221","456","452","348","348","246","246","368","368","293","290"
"Psek2in_044","Psek2in_103","462","462","458","458","264","264","218","218","221","221","475","456","348","348","248","248","370","368","293","290"
"Psek2in_045","Psek2in_103","462","452","458","458","264","264","218","218","221","212","456","452","348","348","246","246","364","370","290","307"
"Psek2in_046","Psek2in_103","464","462","458","458","264","264","218","218","221","212","477","452","348","348","246","246","364","370","290","290"
"Psek2in_047","Psek2in_103","464","452","458","458","264","264","218","218","221","212","475","452","348","348","246","241","370","370","293","290"
"Psek2in_048","Psek2in_103","464","466","458","458","264","264","218","218","221","212","456","456","348","348","246","246","370","370","290","290"
"Psek2in_049","Psek2in_103","452","452","458","458","264","264","218","218","221","221","475","452","348","348","246","246","368","368","290","290"
"Psek2in_050","Psek2in_103","452","452","458","458","264","264","218","218","221","212","0","0","348","348","246","246","364","368","293","290"
"Psek2in_051","Psek2in_103","466","466","458","458","264","264","218","218","217","217","458","458","348","348","246","246","368","368","293","293"
"Psek2in_052","Psek2in_103","462","452","458","458","264","264","218","218","212","212","450","450","348","348","246","243","364","368","290","290"
"Psek2in_053","Psek2in_103","452","466","458","458","264","264","218","218","221","212","450","450","348","348","248","248","364","370","290","290"
"Psek2in_054","Psek2in_103","452","452","458","458","264","264","218","218","221","217","475","456","348","348","246","246","364","368","293","293"
"Psek2in_055","Psek2in_103","462","452","458","458","264","264","218","218","212","212","456","456","348","348","246","246","370","368","290","290"
"Psek2in_056","Psek2in_103","462","466","458","458","264","264","218","218","221","212","475","475","348","348","248","248","368","368","290","290"
"Psek2in_057","Psek2in_103","452","466","458","458","264","264","218","218","221","211","450","450","348","348","248","248","364","370","290","290"
"Psek2in_058","Psek2in_103","452","466","458","458","264","264","218","218","210","214","475","475","348","348","246","246","364","370","293","290"
"Psek2in_059","Psek2in_103","452","466","458","458","264","264","218","218","221","217","475","475","348","348","246","246","370","368","290","307"
"Psek2in_060","Psek2in_103","462","462","458","458","264","264","218","218","221","212","475","452","348","348","246","246","370","368","290","307"
"Psek2in_061","Psek2in_103","464","452","458","458","264","264","218","218","210","217","475","456","348","348","248","248","370","368","293","290"
"Psek2in_062","Psek2in_103","464","466","458","458","264","264","218","218","210","221","456","456","348","348","248","248","370","368","290","290"
"Psek2in_063","Psek2in_103","452","452","458","458","264","264","218","218","221","221","475","475","348","348","246","246","370","368","293","290"
"Psek2in_064","Psek2in_103","464","462","458","458","264","264","218","218","221","212","475","456","348","348","250","250","364","368","293","290"
"Psek2in_065","Psek2in_103","464","462","458","458","264","264","218","218","221","212","456","452","348","348","246","246","370","368","290","307"
"Psek2in_066","Psek2in_103","452","466","458","458","264","264","218","218","210","221","450","450","348","348","246","246","370","368","293","307"
"Psek2in_067","Psek2in_103","452","452","458","458","264","264","218","218","210","210","475","452","348","348","246","246","364","370","293","290"
"Psek2in_068","Psek2in_103","464","452","458","458","264","264","218","218","221","221","475","456","348","348","248","248","370","368","293","290"
"Psek2in_069","Psek2in_103","466","466","458","458","264","264","218","218","221","221","475","475","348","348","248","248","368","368","290","290"
"Psek2in_070","Psek2in_103","462","462","458","458","264","264","218","218","212","212","456","451","348","348","246","246","368","368","293","290"
"Psek2in_071","Psek2in_103","462","466","458","458","264","264","218","218","210","215","456","456","348","348","246","246","370","370","290","307"
"Psek2in_072","Psek2in_103","462","452","458","458","264","264","218","218","221","221","452","452","348","348","246","246","364","370","290","290"
"Psek2in_073","Psek2in_103","466","466","458","458","264","264","218","218","221","212","475","451","348","348","246","241","364","368","293","290"
"Psek2in_074","Psek2in_103","466","466","458","458","264","264","218","218","210","217","475","456","348","348","246","246","368","368","293","290"
"Psek2in_075","Psek2in_103","464","452","458","458","264","264","218","218","221","221","450","450","348","348","246","246","368","368","293","307"
"Psek2in_076","Psek2in_103","452","466","458","458","264","264","218","218","221","208","475","452","348","348","246","246","364","368","293","293"
"Psek2in_077","Psek2in_103","464","452","458","458","264","264","218","218","212","212","456","456","348","348","241","241","370","368","293","293"
"Psek2in_078","Psek2in_103","452","466","458","458","264","264","218","218","221","221","475","452","348","348","246","241","364","368","290","290"
"Psek2in_079","Psek2in_103","462","452","458","458","264","264","218","218","221","217","475","456","348","348","248","248","368","368","293","307"
"Psek2in_080","Psek2in_103","464","462","458","458","264","264","218","218","212","212","475","475","348","348","248","248","368","368","290","290"
"Psek2in_081","Psek2in_103","462","452","458","458","264","264","218","218","221","221","475","456","348","348","246","246","364","368","290","290"
"Psek2in_082","Psek2in_103","466","466","452","452","264","264","218","218","221","217","475","450","348","348","246","246","368","368","293","290"
"Psek2in_083","Psek2in_103","462","452","458","458","264","264","218","218","221","221","475","456","348","348","246","246","364","368","293","293"
"Psek2in_084","Psek2in_103","464","464","458","458","264","264","218","218","221","208","456","438","348","348","246","246","368","368","293","290"
"Psek2in_085","Psek2in_103","452","466","458","458","264","264","218","218","221","221","475","475","348","348","246","246","368","368","290","290"
"Psek2in_086","Psek2in_103","462","452","458","458","264","264","218","218","221","217","475","456","348","348","246","246","364","364","290","290"
"Psek2in_087","Psek2in_103","462","462","452","452","264","264","218","218","221","221","456","456","348","348","246","246","370","368","293","293"
"Psek2in_088","Psek2in_103","464","452","458","458","264","264","218","218","221","221","455","450","348","348","246","246","370","368","290","290"
"Psek2in_089","Psek2in_103","462","466","458","458","264","264","218","218","221","221","475","456","348","348","248","248","370","368","293","290"
"Psek2in_090","Psek2in_103","464","462","458","458","264","264","218","218","210","214","475","450","348","348","246","246","370","368","293","290"
"Psek2in_091","Psek2in_103","464","462","458","458","264","264","218","218","221","208","455","452","348","348","246","246","370","370","290","290"
"Psek2in_092","Psek2in_103","464","462","458","458","264","264","218","218","221","221","455","475","348","348","246","246","370","370","293","290"
"Psek2in_093","Psek2in_103","464","464","458","458","264","264","218","218","210","221","455","455","348","348","248","248","368","368","290","290"
"Psek2in_094","Psek2in_103","0","0","458","458","264","264","218","218","208","208","475","475","348","348","246","246","368","368","293","293"
"Psek2in_095","Psek2in_103","464","466","458","458","264","264","0","0","210","215","455","475","348","348","246","246","0","0","293","290"
"Psek2in_096","Psek2in_103","462","452","458","458","264","264","218","218","221","212","475","475","348","348","246","241","0","0","293","293"
"Psek2in_097","Psek2in_103","452","466","458","458","264","264","218","218","221","212","456","456","348","348","246","241","370","368","293","290"
"Psek2in_098","Psek2in_103","452","466","458","458","264","264","218","218","219","223","450","450","348","348","246","246","364","364","290","290"
"Psek2in_099","Psek2in_103","464","466","458","458","264","264","218","218","221","217","475","475","348","348","246","246","370","368","290","307"
"Psek2in_100","Psek2in_103","452","466","458","458","264","264","218","218","221","221","456","452","348","348","246","246","368","368","293","290"
"Psek2in_101","Psek2in_103","452","452","458","458","264","264","218","218","212","212","455","450","348","348","246","246","370","370","290","290"
"Psek2in_102","Psek2in_103","464","464","458","458","264","264","218","218","212","212","448","477","348","348","246","246","0","0","290","290"
"Psek2in_103","Psek2in_103","464","452","458","458","264","264","218","218","221","212","455","455","348","348","248","248","370","370","290","290"
"Psek1ex_001","Psekex_044","464","464","458","458","264","264","218","218","210","210","456","452","348","348","246","246","368","368","293","290"
"Psek1ex_002","Psekex_044","464","466","458","458","264","264","218","218","210","217","475","452","348","348","246","246","368","368","290","290"
"Psek1ex_003","Psekex_044","464","466","458","458","264","264","218","218","221","208","475","452","348","348","246","246","368","368","293","290"
"Psek1ex_004","Psekex_044","452","466","458","458","264","264","218","218","210","221","475","456","348","348","248","248","368","368","290","307"
"Psek1ex_005","Psekex_044","464","466","458","458","264","264","218","218","208","208","475","452","348","348","246","246","368","368","293","290"
"Psek1ex_006","Psekex_044","464","466","458","458","264","264","218","218","210","221","452","458","348","348","246","246","368","368","290","290"
"Psek1ex_007","Psekex_044","464","452","458","458","264","264","218","218","221","208","456","450","348","348","246","246","368","368","0","0"
"Psek1ex_008","Psekex_044","464","464","458","458","264","264","218","218","221","208","475","452","348","348","246","246","368","368","293","290"
"Psek1ex_009","Psekex_044","464","466","458","458","264","264","218","218","210","219","456","452","348","348","246","246","370","368","290","307"
"Psek1ex_010","Psekex_044","466","466","458","458","264","264","218","218","210","221","456","456","348","348","246","246","368","368","290","290"
"Psek1ex_011","Psekex_044","464","466","458","458","264","264","218","218","221","208","452","452","348","348","246","246","370","368","290","290"
"Psek1ex_012","Psekex_044","452","466","458","458","264","264","218","218","210","221","452","452","348","348","246","246","370","368","293","290"
"Psek1ex_013","Psekex_044","466","466","458","458","264","264","218","218","221","208","456","456","348","348","246","246","368","368","293","293"
"Psek1ex_014","Psekex_044","466","466","458","458","264","264","218","218","210","221","456","456","348","348","246","246","364","364","293","293"
"Psek1ex_015","Psekex_044","464","466","458","458","264","264","218","218","221","208","475","458","348","348","248","248","364","370","293","290"
"Psek1ex_016","Psekex_044","464","468","458","458","264","264","218","218","221","221","456","452","348","348","246","246","370","368","293","290"
"Psek1ex_017","Psekex_044","464","464","452","452","264","264","218","218","210","210","452","452","348","348","246","246","370","370","293","293"
"Psek1ex_018","Psekex_044","452","466","458","458","264","264","218","218","221","221","456","452","348","348","246","246","370","368","293","290"
"Psek1ex_019","Psekex_044","464","452","458","458","264","264","218","218","210","215","475","452","348","348","246","246","368","368","293","290"
"Psek1ex_020","Psekex_044","464","466","458","458","264","264","218","218","210","210","456","452","348","348","248","248","364","370","290","290"
"Psek1ex_021","Psekex_044","464","464","458","458","264","264","218","218","210","214","456","452","348","348","246","246","370","368","290","290"
"Psek1ex_022","Psekex_044","462","466","458","458","264","264","218","218","221","217","475","456","348","348","246","246","364","368","293","290"
"Psek1ex_023","Psekex_044","464","466","458","458","264","264","218","218","208","208","456","452","348","348","246","246","364","368","290","290"
"Psek1ex_024","Psekex_044","466","466","458","458","264","264","218","218","210","210","475","452","348","348","248","248","368","368","293","293"
"Psek1ex_025","Psekex_044","464","464","458","458","264","264","218","218","221","217","456","452","348","348","246","246","370","370","290","290"
"Psek1ex_026","Psekex_044","464","464","458","458","264","264","218","218","210","210","456","452","348","348","246","246","368","368","290","290"
"Psek1ex_027","Psekex_044","464","464","458","458","264","264","218","218","210","214","452","452","348","348","246","246","368","368","293","290"
"Psek1ex_028","Psekex_044","462","466","458","458","264","264","218","218","221","208","475","452","348","348","246","246","364","370","293","290"
"Psek1ex_029","Psekex_044","464","452","458","458","264","264","218","218","221","208","475","456","348","348","246","246","364","368","293","290"
"Psek1ex_030","Psekex_044","452","452","458","458","264","264","218","218","221","221","475","456","348","348","246","246","370","368","293","293"
"Psek1ex_031","Psekex_044","452","466","458","458","264","264","218","218","208","208","475","456","348","348","246","246","370","368","293","293"
"Psek1ex_032","Psekex_044","452","466","458","458","264","264","218","218","221","208","475","456","348","348","246","246","368","368","290","290"
"Psek2ex_001","Psekex_044","452","466","458","458","264","264","218","218","221","221","0","0","348","348","246","246","364","370","293","290"
"Psek2ex_002","Psekex_044","462","466","458","458","264","264","218","218","221","221","456","452","348","348","248","248","370","368","290","290"
"Psek2ex_003","Psekex_044","464","452","458","458","264","264","218","218","210","210","452","452","348","348","246","246","370","368","293","293"
"Psek2ex_004","Psekex_044","466","466","458","458","264","264","218","218","219","223","475","456","348","348","248","248","364","368","293","290"
"Psek2ex_005","Psekex_044","464","466","458","458","264","264","218","218","208","208","452","452","348","348","246","246","370","372","293","293"
"Psek2ex_006","Psekex_044","462","466","458","458","264","264","218","218","221","217","456","452","348","348","246","241","364","368","290","290"
"Psek2ex_007","Psekex_044","452","466","458","458","264","264","218","218","210","221","456","452","348","348","248","248","364","368","293","290"
"Psek2ex_008","Psekex_044","462","466","458","458","264","264","218","218","221","212","456","452","348","348","246","246","364","368","290","290"
"Psek2ex_009","Psekex_044","464","452","458","458","264","264","218","218","210","217","450","450","348","348","246","246","368","368","293","293"
"Psek2ex_010","Psekex_044","462","452","458","458","264","264","218","218","212","212","475","456","348","348","246","241","370","370","293","293"
"Psek2ex_011","Psekex_044","462","452","458","458","264","264","218","218","221","208","475","456","348","348","246","246","370","368","290","290"
"Psek2ex_012","Psekex_044","464","466","458","458","264","264","218","218","221","221","475","452","348","348","246","246","370","368","293","290"
"Psek2ex_013","Psekex_044","464","466","458","458","264","264","218","218","219","223","456","456","348","348","246","246","368","368","293","290"
"Psek2ex_014","Psekex_044","464","466","458","458","264","264","218","218","221","221","475","475","348","348","246","234","370","370","293","290"
"Psek2ex_015","Psekex_044","452","452","458","458","264","264","218","218","221","221","475","456","348","348","246","246","364","370","293","293"
"Psek2ex_016","Psekex_044","452","452","458","458","264","264","218","218","221","221","475","456","348","348","246","241","364","370","290","307"
"Psek2ex_017","Psekex_044","450","450","458","458","264","264","218","218","221","212","475","475","348","348","246","246","370","370","290","290"
"Psekex_001","Psekex_044","464","452","458","458","264","264","218","218","212","192","475","456","348","348","246","246","364","368","293","290"
"Psekex_002","Psekex_044","464","452","458","458","264","264","218","218","212","223","475","450","348","348","241","241","364","368","293","290"
"Psekex_003","Psekex_044","452","466","458","458","264","264","218","218","179","212","475","475","348","348","248","248","364","368","293","290"
"Psekex_004","Psekex_044","462","452","458","458","264","264","218","218","217","179","450","450","348","348","246","246","370","368","293","290"
"Psekex_005","Psekex_044","452","466","458","458","264","264","218","218","214","217","475","450","348","348","246","241","364","368","293","293"
"Psekex_006","Psekex_044","464","452","458","458","264","264","218","218","212","212","456","450","348","348","246","241","370","368","293","290"
"Psekex_007","Psekex_044","452","466","458","458","264","264","218","218","179","179","475","450","348","348","246","241","364","364","293","293"
"Psekex_008","Psekex_044","452","466","458","458","264","264","218","218","179","179","456","450","348","348","246","246","364","368","293","307"
"Psekex_009","Psekex_044","452","466","458","458","264","264","218","218","214","217","450","450","348","348","246","246","364","368","293","290"
"Psekex_010","Psekex_044","464","452","458","458","264","264","218","218","217","179","456","450","348","348","246","241","370","368","293","290"
"Psekex_011","Psekex_044","464","452","458","458","264","264","218","218","179","179","475","456","348","348","246","241","364","364","293","307"
"Psekex_012","Psekex_044","464","452","458","458","264","264","218","218","179","215","475","456","348","348","246","241","370","368","293","293"
"Psekex_013","Psekex_044","452","466","458","458","264","264","218","218","221","179","475","456","348","348","246","246","364","368","293","293"
"Psekex_014","Psekex_044","452","466","458","458","264","264","218","218","214","217","475","475","348","348","248","241","364","368","293","293"
"Psekex_015","Psekex_044","464","452","458","458","264","264","218","218","221","212","456","450","348","348","246","246","364","368","293","293"
"Psekex_016","Psekex_044","464","452","458","458","264","264","218","218","221","178","475","456","348","348","246","246","364","368","293","293"
"Psekex_017","Psekex_044","452","466","458","458","264","264","218","218","179","212","456","450","348","348","248","241","364","368","293","307"
"Psekex_018","Psekex_044","464","452","458","458","264","264","218","218","210","179","475","456","348","348","246","246","364","368","293","290"
"Psekex_019","Psekex_044","464","452","458","458","264","264","218","218","221","212","450","450","348","348","246","241","364","368","293","293"
"Psekex_020","Psekex_044","464","452","458","458","264","264","218","218","212","212","475","456","348","348","246","241","370","368","293","293"
"Psekex_021","Psekex_044","464","452","458","458","264","264","218","218","212","212","473","456","348","348","246","241","364","368","293","290"
"Psekex_022","Psekex_044","462","452","458","458","264","264","218","218","210","214","456","450","348","348","246","241","370","368","293","293"
"Psekex_023","Psekex_044","464","452","458","458","264","264","218","218","221","212","475","456","348","348","248","241","364","368","293","293"
"Psekex_024","Psekex_044","452","466","458","458","264","264","218","218","179","215","0","0","348","348","246","241","364","368","293","293"
"Psekex_025","Psekex_044","462","452","458","458","264","264","218","218","214","217","450","450","348","348","246","246","368","368","293","293"
"Psekex_026","Psekex_044","462","452","458","458","264","264","218","218","214","217","456","450","348","348","246","246","364","364","293","290"
"Psekex_027","Psekex_044","462","462","458","458","264","264","218","218","221","221","475","456","348","348","246","241","364","368","293","293"
"Psekex_028","Psekex_044","464","464","458","458","264","264","218","218","214","217","475","450","348","348","248","248","364","368","293","307"
"Psekex_029","Psekex_044","464","462","458","458","264","264","218","218","215","215","452","449","348","348","246","246","364","368","293","293"
"Psekex_030","Psekex_044","462","466","458","458","264","264","218","218","179","215","475","456","348","348","248","248","370","368","293","293"
"Psekex_031","Psekex_044","464","464","458","458","264","264","218","218","214","217","449","449","348","348","248","248","370","368","293","307"
"Psekex_032","Psekex_044","464","452","458","458","264","264","218","218","214","217","475","449","348","348","248","248","364","370","293","290"
"Psekex_033","Psekex_044","464","462","458","458","264","264","218","218","215","215","448","475","348","348","248","248","370","368","293","293"
"Psekex_034","Psekex_044","464","464","458","458","264","264","218","218","221","179","448","477","348","348","246","246","364","370","293","293"
"Psekex_035","Psekex_044","464","464","458","458","264","264","218","218","221","221","456","449","348","348","246","246","370","368","293","293"
"Psekex_036","Psekex_044","464","466","458","458","264","264","218","218","221","179","477","477","348","348","246","246","364","364","293","293"
"Psekex_037","Psekex_044","464","466","458","458","264","264","218","218","221","217","475","456","348","348","246","246","364","368","293","293"
"Psekex_038","Psekex_044","464","466","458","458","264","264","218","218","221","179","475","456","348","348","246","246","364","368","293","293"
"Psekex_039","Psekex_044","464","462","458","458","264","264","218","218","221","212","456","452","348","348","246","246","364","368","293","290"
"Psekex_040","Psekex_044","464","466","458","458","264","264","218","218","221","192","477","452","348","348","246","241","364","364","293","290"
"Psekex_041","Psekex_044","466","466","458","458","264","264","218","218","179","179","456","477","348","348","246","246","364","364","293","293"
"Psekex_042","Psekex_044","464","464","458","458","264","264","218","218","221","179","456","477","348","348","246","246","370","370","293","293"
"Psekex_043","Psekex_044","464","464","458","458","264","264","218","218","221","179","477","477","348","348","246","246","364","364","293","293"
"Psekex_044","Psekex_044","464","452","458","458","264","264","218","218","221","221","475","452","348","348","246","246","370","368","293","290"
