19,262,11,24,25,26,24,25,24,26,25,2,25,36,,,,,,,,,,,,,,,,,,,,,,,,,,
,,,MR24,EDEN32,Pen32,CB32,DK32,CR31,SM32,am29,PM101,WGHerb,VStA1532.9253.41,,,,,,,,,,,,,,,,,,,,,,,,,,
Ind,Pop,FIR039, ,FIR013, ,FIR048, ,FIR043, ,GOT037, ,PIE200, ,FIR035, ,VIT081, ,VIT086, ,PIE125, ,FIR028, ,QUi21a, ,QUm07a, ,QUf02a, ,QUC19a, ,QUE09a, ,QUC08a, ,QUG07a, ,QUH14a, 
"MR01","MR24","120","120","140","140","214","214","112","122","252","254","110","113","146","148","107","107","201","201","159","162","204","204","191","219","217","219","177","177","236","262","192","210","287","299","226","228","299","299"
"MR02","MR24","120","120","140","140","214","212","122","122","254","244","110","110","146","146","107","107","203","203","159","162","204","204","219","205","217","223","177","177","262","264","210","212","287","281","228","228","295","307"
"MR03","MR24","120","118","140","137","212","206","126","134","254","246","110","113","146","148","107","107","201","201","159","147","204","204","219","207","219","207","183","183","262","238","192","192","281","283","228","242","295","301"
"MR04","MR24","120","120","140","140","214","212","122","126","254","254","110","113","146","146","107","107","201","201","159","162","204","204","219","205","223","223","177","177","236","264","210","210","287","287","226","228","299","299"
"MR05","MR24","120","118","137","137","212","206","122","118","246","246","110","113","146","146","107","107","201","201","159","159","204","204","207","207","219","207","177","183","236","248","192","212","281","283","228","228","295","301"
"MR06","MR24","120","120","140","140","214","208","122","118","246","246","110","113","148","148","107","107","201","201","159","153","204","224","191","219","217","201","183","199","262","248","192","192","281","281","242","224","299","295"
"MR07","MR24","126","126","140","140","214","212","112","126","252","244","110","113","146","150","107","107","201","201","159","147","204","230","191","219","217","209","179","197","262","262","192","210","283","295","228","228","295","323"
"MR08","MR24","120","120","140","140","212","208","112","126","254","254","110","113","146","146","107","107","201","201","159","147","204","226","191","191","217","209","183","195","262","248","192","192","299","295","228","228","295","291"
"MR09","MR24","126","122","140","137","206","202","112","124","254","256","110","113","146","146","107","107","201","201","159","159","204","224","207","199","219","227","195","185","256","258","192","218","281","281","226","234","299","301"
"MR10","MR24","118","126","140","137","206","208","134","120","248","260","113","113","146","150","107","107","201","201","147","156","204","224","191","207","217","217","183","181","262","248","192","192","281","293","228","228","301","301"
"MR11","MR24","120","122","140","131","212","192","122","126","254","250","113","113","148","152","107","107","201","201","159","147","204","204","191","209","201","209","177","195","262","258","210","214","299","283","226","228","0","0"
"MR12","MR24","120","126","140","137","206","210","126","126","252","246","113","113","146","146","107","107","201","201","159","159","204","226","191","191","223","223","177","183","248","248","210","210","281","283","228","228","299","307"
"MR13","MR24","120","126","137","137","206","206","122","126","252","244","113","113","146","146","107","107","201","201","159","159","204","208","207","207","219","223","177","197","246","250","192","218","281","283","226","228","307","297"
"MR14","MR24","120","120","140","137","214","206","134","124","246","246","113","113","146","148","107","107","201","201","159","156","204","226","191","207","217","219","183","199","248","250","210","210","299","293","228","228","301","297"
"MR15","MR24","120","120","140","137","214","204","122","118","254","248","110","110","148","148","107","107","201","201","159","159","204","204","219","207","219","219","195","181","262","262","192","210","299","281","228","228","295","303"
"MR16","MR24","120","120","140","140","212","190","126","118","254","248","110","113","148","148","107","107","201","201","159","162","226","226","191","205","217","207","183","199","236","250","192","210","295","285","228","228","299","309"
"MR17","MR24","120","126","140","137","212","200","112","126","254","248","113","107","146","146","107","107","201","201","159","159","204","232","205","203","217","219","195","195","264","248","192","210","287","283","228","228","323","291"
"MR18","MR24","120","126","140","140","210","200","112","126","254","248","113","107","146","148","107","107","201","201","159","147","204","226","191","201","217","209","177","195","262","248","192","214","281","293","228","228","295","309"
"MR19","MR24","118","124","140","137","208","200","112","122","248","248","110","113","146","150","107","107","201","201","159","147","204","226","191","207","219","209","195","195","262","248","210","214","281","281","228","228","307","301"
"MR20","MR24","120","126","137","137","208","190","112","124","252","252","113","113","148","150","107","107","201","201","159","162","204","218","207","193","217","219","183","197","236","250","192","210","281","293","228","228","301","309"
"MR21","MR24","120","126","137","137","204","200","112","122","248","248","110","113","146","148","107","107","201","201","159","147","204","218","205","189","219","223","177","177","264","238","192","210","293","285","228","228","295","301"
"MR22","MR24","120","120","140","140","212","206","122","126","254","248","110","113","146","150","107","107","201","201","147","153","204","218","219","205","219","219","181","181","262","238","192","192","281","293","228","228","299","295"
"MR23","MR24","120","118","140","140","214","212","122","122","252","254","113","107","146","148","107","107","201","201","159","159","204","230","219","219","219","219","197","195","264","248","192","214","299","293","228","228","323","291"
"MR24","MR24","120","118","140","140","212","208","122","126","254","248","110","113","148","148","107","107","201","201","159","159","204","204","219","205","219","223","177","195","262","264","210","210","295","295","228","228","299","301"
"EDEN01","EDEN32","124","124","140","140","0","0","122","134","246","246","113","113","146","148","107","107","201","201","159","162","222","222","191","197","207","221","177","193","250","242","192","192","287","271","228","228","299","301"
"EDEN02","EDEN32","0","0","140","137","208","210","126","128","236","236","113","113","148","148","107","107","201","201","159","159","204","220","191","197","217","217","177","183","250","254","192","214","287","283","228","228","301","293"
"EDEN03","EDEN32","124","124","140","137","208","210","126","126","248","248","113","113","148","148","107","107","201","201","159","159","224","222","197","195","217","221","177","177","250","242","192","192","281","301","228","228","301","301"
"EDEN05","EDEN32","124","124","140","137","212","208","122","120","246","246","113","113","148","148","107","107","201","201","162","162","204","220","191","193","223","223","177","177","248","250","192","192","295","295","228","228","303","303"
"EDEN06","EDEN32","122","124","140","137","206","210","120","136","246","262","110","113","148","148","107","107","201","201","159","156","204","204","191","191","217","221","177","179","262","248","192","210","287","299","228","228","301","291"
"EDEN07","EDEN32","120","124","137","143","210","194","122","116","246","236","110","110","146","148","107","107","201","201","159","159","204","204","191","199","217","221","199","179","248","252","192","196","283","285","228","236","309","315"
"EDEN09","EDEN32","120","126","140","143","210","200","120","128","248","236","113","113","148","148","107","107","201","201","159","147","216","216","191","197","217","217","177","179","250","250","192","210","281","295","228","228","295","301"
"EDEN10","EDEN32","120","124","140","137","210","210","122","128","246","236","0","0","148","148","107","111","201","201","159","162","0","0","207","195","217","217","177","179","250","250","192","210","295","271","228","228","299","299"
"EDEN11","EDEN32","124","124","0","0","212","210","134","130","246","246","110","110","148","148","107","107","203","203","159","162","204","204","191","193","217","217","177","177","0","0","192","210","281","295","228","228","297","289"
"EDEN13","EDEN32","120","120","140","140","210","210","116","116","246","246","113","113","146","148","107","107","201","203","159","165","204","220","191","191","217","217","177","183","236","250","192","210","295","279","228","228","307","291"
"EDEN14","EDEN32","120","120","140","143","212","220","118","116","246","246","113","113","148","148","107","107","201","201","159","165","204","204","193","193","217","223","177","177","248","250","192","192","281","285","228","228","307","307"
"EDEN15","EDEN32","120","118","140","137","212","204","134","130","246","246","110","113","148","148","107","107","201","201","159","162","204","220","191","217","217","217","195","181","250","252","210","214","281","281","228","228","307","297"
"EDEN17","EDEN32","120","124","140","140","210","204","134","124","248","248","113","113","148","148","107","107","201","201","159","153","204","220","191","197","217","223","177","193","250","242","192","192","299","283","228","228","299","295"
"EDEN18","EDEN32","120","118","140","137","210","204","136","116","246","246","110","113","148","148","107","107","201","201","159","159","204","204","191","195","217","221","177","183","248","250","192","210","281","281","228","228","299","299"
"Eden19","EDEN32","120","126","140","137","206","206","122","134","244","244","110","110","148","148","107","107","201","201","159","159","204","224","0","0","0","0","183","179","256","250","192","192","295","293","0","0","299","301"
"EDEN20","EDEN32","126","124","140","143","210","204","120","128","246","236","113","113","148","148","107","107","201","201","159","147","220","216","191","189","217","217","177","183","248","248","192","192","299","283","228","228","295","291"
"EDEN22","EDEN32","126","122","140","140","206","204","120","120","254","246","110","113","146","148","107","107","201","201","159","162","204","204","191","189","207","221","177","179","250","250","192","192","295","279","228","228","299","299"
"EDEN23","EDEN32","126","124","0","0","210","204","118","118","246","262","110","107","148","148","107","107","201","201","159","162","204","222","191","205","217","219","183","197","248","250","192","192","279","279","228","228","299","301"
"EDEN24","EDEN32","120","124","137","137","204","200","120","128","246","248","113","107","148","148","107","107","201","201","159","159","220","220","191","193","217","217","177","195","248","254","192","192","299","289","228","228","301","301"
"EDEN26","EDEN32","0","0","137","137","212","204","116","130","246","248","113","113","146","148","107","107","201","201","159","153","220","220","191","203","217","219","177","181","248","250","192","218","287","279","228","228","299","301"
"EDEN27","EDEN32","0","0","140","137","206","204","124","120","248","250","110","113","146","148","107","107","201","201","159","162","204","220","191","205","217","223","177","177","0","0","192","220","281","283","228","242","299","289"
"EDEN28","EDEN32","120","124","140","140","210","204","128","116","246","232","113","113","146","148","107","107","201","201","159","153","204","204","191","217","217","217","179","195","254","252","192","192","281","295","228","228","299","295"
"EDEN30","EDEN32","120","126","140","143","210","200","128","128","246","246","110","113","148","148","107","107","201","199","159","165","204","220","191","197","217","221","177","183","248","248","192","210","283","289","228","228","295","291"
"EDEN31","EDEN32","120","124","140","140","212","204","118","128","246","246","113","113","148","148","107","107","201","201","159","165","230","220","197","213","217","223","177","177","250","250","192","192","281","295","228","228","295","291"
"EDEN32","EDEN32","120","118","140","137","212","204","128","128","246","246","110","113","146","148","107","107","201","201","147","165","230","206","197","195","223","221","177","177","250","250","192","192","295","305","228","228","299","291"
"Pen01","Pen32","120","122","140","143","202","202","122","130","254","244","110","113","146","148","107","107","201","201","159","159","204","204","191","203","223","205","185","201","250","250","192","206","281","285","228","228","303","303"
"Pen02","Pen32","122","122","137","143","202","202","122","130","244","258","110","113","148","148","107","107","203","203","159","159","204","204","191","199","205","211","185","181","250","250","206","206","281","285","228","234","291","303"
"Pen03","Pen32","122","128","137","137","208","202","134","116","260","260","110","113","148","148","107","107","201","201","159","159","204","204","189","195","217","221","181","181","258","258","192","198","285","285","228","240","301","303"
"Pen05","Pen32","118","122","140","140","202","202","122","116","244","244","113","107","148","148","107","111","201","203","159","159","204","204","215","215","223","205","177","179","250","252","206","206","281","285","228","228","301","289"
"Pen06","Pen32","118","118","140","137","208","208","116","116","244","250","113","107","148","148","107","111","203","203","159","159","204","204","199","215","217","217","179","201","250","252","192","206","281","285","228","242","309","289"
"Pen07","Pen32","118","122","140","140","208","202","126","130","244","250","110","113","146","148","111","111","201","203","159","159","204","204","189","215","223","205","197","201","250","252","192","192","281","285","228","244","291","303"
"Pen08","Pen32","122","122","140","137","210","200","122","134","246","262","0","0","146","148","107","107","201","201","159","159","204","204","191","201","0","0","183","179","256","246","192","192","285","305","0","0","307","307"
"Pen10","Pen32","118","122","140","140","202","202","126","126","244","250","113","113","146","148","107","107","0","0","159","147","204","204","191","191","205","225","197","185","250","252","206","206","285","285","228","244","291","309"
"Pen11","Pen32","120","124","140","140","208","208","116","130","246","248","113","107","148","148","111","111","0","0","159","153","204","210","191","215","217","223","179","195","250","250","192","206","281","279","242","234","295","303"
"Pen12","Pen32","120","120","140","140","202","202","122","122","252","254","110","113","146","148","107","111","201","203","159","159","204","204","191","191","223","205","197","181","250","252","192","206","281","283","228","234","291","303"
"Pen14","Pen32","120","118","137","143","212","202","124","116","244","248","110","110","148","148","111","111","201","201","159","159","204","204","191","199","219","205","177","197","250","252","192","206","281","285","228","234","303","303"
"Pen15","Pen32","120","118","140","143","208","202","122","126","244","244","113","113","148","148","107","111","201","201","159","159","204","204","191","215","217","225","179","179","250","252","192","206","281","285","228","242","289","289"
"Pen16","Pen32","118","122","140","137","212","202","122","120","252","252","110","113","148","148","107","107","201","201","159","159","204","204","199","217","217","221","197","197","252","252","192","206","281","281","242","240","299","303"
"PEN17","Pen32","118","122","140","137","206","204","122","134","244","260","110","113","146","148","107","107","201","201","159","153","204","222","191","191","217","223","195","201","250","252","200","200","285","297","228","242","291","291"
"Pen18","Pen32","118","122","140","143","202","202","122","126","254","244","110","113","146","148","107","107","203","203","159","159","204","204","191","203","217","205","179","179","250","250","206","206","285","285","228","228","291","291"
"Pen19","Pen32","120","118","137","137","210","210","124","116","244","250","110","113","146","148","107","107","201","201","159","159","204","204","203","195","217","205","183","197","256","250","192","192","281","285","228","242","291","297"
"Pen20","Pen32","122","122","137","137","202","210","116","130","250","250","110","113","148","148","107","107","201","201","159","159","204","210","207","195","223","211","179","181","250","250","206","206","281","297","228","242","307","291"
"Pen21","Pen32","118","118","140","137","212","202","122","116","250","250","110","113","148","148","107","107","0","0","159","159","204","204","215","211","205","211","197","185","252","252","192","206","281","285","228","228","291","309"
"Pen23","Pen32","120","122","140","140","202","202","122","130","244","244","113","107","148","148","107","107","203","203","159","159","204","204","191","201","205","205","177","197","254","260","206","206","285","285","228","228","303","309"
"Pen24","Pen32","120","122","140","140","212","202","124","130","244","258","110","113","146","148","107","111","201","201","159","159","204","204","191","189","217","205","179","181","250","260","192","192","281","285","228","242","303","303"
"Pen26","Pen32","118","124","137","137","206","200","124","116","244","248","113","107","148","148","107","115","201","203","159","159","204","204","195","195","219","219","183","197","234","244","196","198","281","285","228","234","297","285"
"Pen27","Pen32","120","124","137","143","202","200","130","130","244","244","113","107","148","148","107","111","201","201","159","153","204","220","191","195","219","219","197","189","252","244","206","198","281","281","228","242","297","285"
"Pen28","Pen32","126","122","140","137","202","194","122","122","252","244","113","107","148","148","107","111","201","201","159","147","204","220","195","217","205","211","185","185","250","250","192","198","281","281","228","234","301","303"
"Pen30","Pen32","120","118","140","140","202","202","122","122","254","244","110","113","146","148","107","107","201","203","159","147","204","204","203","203","217","205","179","185","250","252","192","206","281","285","228","234","297","297"
"Pen31","Pen32","122","122","140","140","202","202","122","122","254","244","110","110","146","148","107","107","201","201","159","147","204","204","191","203","217","217","179","185","250","260","192","192","281","285","228","228","291","297"
"Pen32","Pen32","120","122","140","137","202","202","126","116","254","244","113","107","148","148","107","107","201","201","159","159","204","204","207","203","205","205","177","197","250","250","206","206","281","283","226","228","301","309"
"CB01","CB32","120","124","0","0","210","198","126","116","246","262","110","113","148","148","107","107","201","201","159","156","204","222","205","189","217","227","177","165","254","252","192","198","285","285","228","228","295","297"
"CB02","CB32","120","124","137","143","208","210","124","124","246","246","110","110","148","148","107","111","201","201","159","156","204","204","191","215","219","205","183","193","256","252","192","192","281","293","226","228","299","295"
"CB03","CB32","120","126","137","137","208","196","122","126","246","236","110","110","148","148","107","107","201","201","159","156","204","226","215","215","217","207","177","179","256","250","192","192","293","279","228","228","299","295"
"CB05","CB32","126","126","137","137","202","210","118","120","246","236","113","113","146","148","107","107","201","201","159","156","204","220","0","0","217","217","193","187","252","252","210","202","281","291","228","228","307","297"
"CB06","CB32","120","120","140","140","204","188","134","124","250","262","113","113","146","148","107","111","201","203","159","153","206","206","199","199","217","205","181","189","250","244","192","192","295","291","228","228","299","295"
"CB07","CB32","120","126","137","137","202","210","122","130","246","250","113","113","146","148","107","107","201","203","159","156","204","224","191","219","205","205","183","179","252","244","192","210","281","285","228","228","299","299"
"CB09","CB32","120","124","140","137","212","204","124","136","250","262","113","113","146","146","107","107","201","201","159","156","204","206","191","191","217","205","183","187","250","244","192","210","285","285","228","228","303","309"
"CB10","CB32","120","126","140","140","212","202","122","130","250","236","113","113","146","148","107","107","201","203","159","156","204","204","191","189","217","205","183","179","252","244","210","202","281","281","242","234","297","297"
"CB11","CB32","120","126","140","137","210","188","122","120","246","236","113","113","146","148","107","107","201","205","159","159","204","224","199","199","217","227","177","181","256","252","192","192","281","291","228","236","299","291"
"CB13","CB32","120","122","137","137","202","194","136","116","250","236","113","107","146","148","107","107","203","203","159","153","204","204","199","199","217","217","183","187","234","244","198","198","295","291","228","234","299","305"
"CB14","CB32","120","124","140","140","200","188","122","130","250","250","113","113","148","148","107","107","201","203","159","159","204","204","199","199","227","221","177","181","256","252","210","198","281","295","228","234","299","307"
"CB15","CB32","120","120","140","140","212","204","124","124","250","250","113","113","148","148","111","111","201","201","156","165","204","206","191","191","217","217","179","187","250","244","192","192","295","285","228","228","307","297"
"CB18","CB32","120","126","140","137","212","202","122","118","262","262","113","113","148","148","107","107","201","203","159","156","204","204","191","205","217","205","177","187","250","244","192","216","285","291","228","242","295","297"
"CB19","CB32","120","126","140","140","212","188","122","120","236","262","113","107","146","146","107","111","201","201","159","156","204","206","191","199","205","205","181","187","244","244","192","202","281","295","228","228","295","295"
"CB20","CB32","0","0","137","137","0","0","122","134","246","236","113","113","146","148","107","107","201","203","159","159","204","204","191","191","217","227","177","187","250","260","192","192","281","285","0","0","299","295"
"CB21","CB32","120","120","140","137","212","188","120","136","250","236","113","113","146","148","107","111","201","203","153","153","204","206","191","199","217","217","181","181","250","244","192","210","281","295","228","228","295","295"
"CB22","CB32","0","0","140","137","212","202","0","0","246","262","113","113","146","146","107","107","203","205","162","162","204","206","205","205","219","205","183","187","244","244","192","216","281","285","234","238","295","297"
"CB24","CB32","120","120","140","137","210","188","108","108","236","236","113","113","146","148","107","111","201","201","159","159","204","204","199","199","217","217","183","181","250","244","192","202","295","295","228","234","295","295"
"CB25","CB32","120","120","140","137","206","204","0","0","248","236","113","113","146","148","107","107","201","201","159","156","204","204","191","191","219","201","177","193","248","252","210","216","285","291","228","228","295","295"
"CB26","CB32","120","120","140","140","210","188","0","0","246","236","113","113","146","148","107","107","201","203","159","159","204","204","199","199","217","217","179","187","246","250","192","202","281","295","228","238","299","295"
"CB28","CB32","120","126","137","137","212","210","0","0","250","236","113","113","146","148","107","107","201","203","159","159","204","206","191","191","217","227","183","183","250","252","192","210","281","291","228","228","299","295"
"CB30","CB32","120","120","140","137","212","200","0","0","246","246","110","113","148","148","107","107","201","203","159","159","222","206","191","189","217","217","183","179","264","252","192","192","285","285","228","228","295","295"
"CB31","CB32","120","120","140","137","210","204","0","0","256","250","113","113","148","148","107","107","201","201","159","159","226","226","189","215","227","205","177","179","250","244","192","202","285","291","228","242","295","297"
"CB32","CB32","120","124","140","137","212","210","0","0","246","246","113","113","148","148","107","107","201","201","159","159","204","206","191","215","217","217","181","193","250","244","192","192","293","285","228","228","295","303"
"DK01","DK32","120","126","137","134","208","204","118","124","236","236","113","107","146","148","107","111","201","201","159","147","204","204","203","193","219","207","183","195","248","252","192","192","283","283","228","228","307","297"
"DK02","DK32","120","126","140","137","0","0","118","124","246","236","110","113","148","148","107","111","201","199","159","159","204","220","191","211","219","219","183","195","250","250","210","210","283","285","228","228","301","301"
"DK03","DK32","120","122","140","137","206","204","124","120","246","256","110","113","148","148","107","107","201","201","159","159","204","220","203","189","219","219","195","195","248","256","192","198","293","291","228","228","295","297"
"DK05","DK32","120","120","140","143","206","204","128","128","246","236","110","113","146","148","107","107","201","201","159","162","204","222","191","191","223","205","179","195","238","252","192","210","281","293","228","228","295","301"
"DK06","DK32","120","120","140","143","212","206","126","124","246","246","113","113","146","148","107","107","201","201","159","159","204","204","191","189","219","219","177","195","254","252","210","206","295","293","228","228","291","291"
"DK07","DK32","0","0","0","0","210","190","130","132","0","0","113","113","146","148","107","107","201","201","159","159","204","224","189","189","219","219","177","195","248","258","192","192","299","297","228","228","299","299"
"DK09","DK32","120","120","140","137","212","208","122","120","246","246","113","113","148","148","107","107","201","201","159","153","204","220","191","191","219","223","177","195","0","0","192","216","283","285","228","228","295","307"
"DK10","DK32","120","120","0","0","0","0","122","130","246","246","113","113","148","148","107","111","201","201","159","159","204","204","203","193","219","219","183","195","252","252","192","192","281","293","228","228","299","309"
"DK11","DK32","122","122","137","143","212","196","126","130","246","246","113","113","148","148","107","107","201","201","159","162","204","204","191","203","207","205","177","177","252","252","192","192","299","291","228","228","299","307"
"DK13","DK32","120","122","140","137","206","206","120","132","246","246","113","113","148","148","107","107","201","201","159","153","204","224","191","189","217","219","179","195","248","252","192","210","297","291","228","228","295","301"
"DK14","DK32","120","120","137","143","214","204","120","120","246","236","110","113","146","148","107","107","201","201","159","165","204","204","191","191","217","207","179","195","250","260","192","216","295","293","228","228","295","301"
"DK15","DK32","120","118","140","143","214","190","120","130","246","236","110","110","148","148","107","107","201","201","147","153","204","204","191","211","213","213","195","181","250","244","192","192","281","289","228","228","295","307"
"DK17","DK32","120","122","140","137","212","196","122","122","246","256","113","113","146","148","107","107","201","201","159","147","220","220","191","191","217","209","195","195","254","252","210","216","299","297","228","228","299","303"
"DK18","DK32","120","120","140","137","206","210","120","130","246","256","110","110","148","148","107","107","201","201","159","159","224","224","191","191","221","205","195","195","250","244","192","206","287","299","228","228","299","301"
"DK19","DK32","122","122","140","137","202","204","122","134","252","234","110","110","148","148","107","107","201","201","159","162","204","204","0","0","0","0","179","195","246","260","192","192","281","293","0","0","299","325"
"DK20","DK32","120","126","140","137","206","196","122","122","246","236","113","107","148","148","107","107","201","201","162","165","204","220","191","195","207","205","177","179","0","0","192","216","287","299","228","228","299","301"
"DK22","DK32","120","120","140","143","212","204","118","118","246","256","110","110","148","148","107","107","201","201","159","159","204","204","191","191","217","219","195","181","248","256","192","210","283","279","228","228","295","295"
"DK23","DK32","120","118","140","137","204","204","120","130","246","246","110","113","148","148","107","107","201","201","159","153","220","220","191","191","205","213","177","195","250","244","192","192","281","297","228","228","295","295"
"DK24","DK32","120","120","140","137","212","204","124","120","246","250","113","113","148","148","107","107","201","203","159","153","204","226","205","195","217","205","177","195","248","252","192","198","281","291","228","228","299","301"
"DK25","DK32","120","122","140","137","206","220","126","118","246","256","110","110","148","148","107","107","201","201","159","159","220","220","191","195","207","205","177","195","0","0","192","204","299","299","228","228","299","299"
"DK26","DK32","120","118","140","137","212","200","130","130","246","236","113","113","148","148","107","107","201","201","153","156","204","204","191","189","217","217","179","181","252","252","192","212","293","291","228","228","299","295"
"DK29","DK32","120","122","140","140","212","208","130","130","246","246","110","110","148","148","107","111","201","201","159","153","204","204","191","189","207","207","179","195","256","250","192","216","281","295","228","228","295","291"
"DK30","DK32","126","122","140","143","0","0","130","130","0","0","110","113","146","148","107","107","201","201","159","153","204","204","201","197","0","0","177","181","244","244","192","210","279","297","228","228","299","299"
"DK31","DK32","120","122","137","143","214","200","120","130","246","256","113","113","148","148","107","107","201","201","159","162","204","204","197","213","217","207","177","179","256","250","192","192","283","293","228","228","301","301"
"DK32","DK32","120","126","137","143","206","210","124","130","246","256","113","113","148","148","107","107","201","201","159","162","204","220","191","213","0","0","195","195","250","252","192","216","299","295","228","228","301","297"
"CR01","CR31","120","120","140","137","212","206","122","134","0","0","110","113","148","148","107","107","201","201","159","153","204","204","203","189","217","229","177","181","248","248","192","192","287","295","226","234","307","307"
"CR03","CR31","122","122","140","140","206","210","122","134","246","236","110","113","148","148","107","111","201","201","159","159","204","204","201","189","217","207","197","185","250","244","192","192","295","295","228","228","307","291"
"CR05","CR31","120","126","140","137","206","210","122","134","236","236","110","113","148","148","107","107","201","201","159","165","204","206","191","189","217","207","177","181","258","252","192","192","281","281","228","228","307","307"
"CR06","CR31","120","124","140","137","204","204","122","134","244","250","113","107","148","148","107","107","201","203","159","159","204","206","203","193","217","217","197","181","252","252","192","192","283","293","228","228","307","291"
"CR07","CR31","120","126","140","137","212","198","122","134","244","244","113","107","148","148","107","107","201","201","159","153","204","206","191","201","219","211","177","177","248","252","192","192","281","293","228","228","295","291"
"CR09","CR31","122","122","137","137","212","212","122","134","250","250","113","107","148","148","107","107","201","203","159","159","204","206","201","215","217","219","183","185","258","250","192","212","281","293","226","236","293","293"
"CR10","CR31","120","122","137","143","212","200","122","134","244","250","110","113","146","148","107","107","201","201","159","159","204","204","203","201","217","219","177","181","248","252","192","210","281","293","228","228","303","303"
"CR11","CR31","120","126","140","137","212","192","122","134","248","248","110","113","148","148","107","107","201","203","159","153","204","206","191","193","219","209","179","197","252","252","192","192","281","293","228","228","307","291"
"CR12","CR31","120","122","137","137","212","210","122","118","246","234","113","107","148","148","107","107","201","201","159","159","204","206","191","203","217","219","179","181","250","252","192","212","281","293","228","228","295","297"
"CR14","CR31","120","122","140","140","206","216","122","134","246","246","110","113","148","148","107","107","201","203","159","147","204","220","189","189","219","207","179","197","256","252","192","192","287","293","228","228","307","301"
"CR15","CR31","120","120","137","137","212","192","122","134","246","246","110","110","148","148","107","107","201","203","159","159","204","204","191","191","219","223","179","195","248","252","192","192","281","293","228","228","299","295"
"CR16","CR31","120","126","140","140","206","210","122","134","244","236","113","107","148","148","107","107","201","201","159","159","204","204","191","189","223","207","195","181","248","252","192","192","281","293","228","228","295","303"
"CR18","CR31","122","122","140","140","212","200","122","134","244","236","110","113","148","148","107","111","201","201","159","159","204","204","201","189","207","207","197","185","250","252","192","214","281","293","228","228","295","291"
"CR19","CR31","120","120","140","137","212","206","122","134","246","236","113","107","148","148","107","107","201","201","159","159","204","204","203","189","219","229","181","181","248","248","192","192","295","293","226","234","291","291"
"CR20","CR31","120","122","140","137","212","210","122","134","244","236","113","107","146","148","107","107","201","201","159","165","204","206","191","189","219","223","177","195","246","252","192","192","281","281","226","228","307","291"
"CR21","CR31","122","122","140","137","206","204","122","134","250","236","113","113","146","148","107","107","201","201","159","159","204","204","191","195","217","207","179","197","256","244","192","192","281","293","228","228","295","291"
"CR22","CR31","120","118","140","137","206","204","122","134","254","244","113","107","148","148","107","107","201","203","159","165","204","204","191","195","223","221","177","195","248","244","192","192","293","293","226","228","295","307"
"CR23","CR31","120","122","140","137","206","210","122","134","248","236","113","113","148","148","107","107","201","203","159","153","204","204","189","195","217","219","179","181","256","252","192","192","293","293","228","228","291","289"
"CR24","CR31","122","124","140","140","210","198","122","134","254","236","110","110","148","148","111","111","201","201","159","159","204","204","203","201","217","211","177","181","248","256","192","206","287","285","228","228","299","291"
"CR26","CR31","120","120","140","140","212","198","122","128","236","236","113","107","148","148","107","107","201","201","159","153","204","204","193","189","219","219","183","181","248","248","192","192","293","293","226","234","297","293"
"CR27","CR31","120","124","140","140","210","198","122","134","244","236","110","113","148","148","107","107","201","203","159","159","204","204","191","189","217","219","197","195","248","248","192","192","285","279","226","228","295","303"
"CR28","CR31","120","126","140","137","206","192","122","134","248","248","113","107","146","148","107","107","203","203","159","153","204","204","203","189","219","229","181","181","252","252","0","0","293","293","228","228","291","293"
"CR30","CR31","122","124","137","137","206","192","122","134","244","244","113","107","148","148","107","107","201","203","159","153","204","204","203","201","219","223","183","195","246","252","192","212","281","293","226","228","291","291"
"CR31","CR31","120","126","140","134","212","204","122","128","250","236","113","107","146","146","107","107","201","201","159","159","204","206","191","189","219","207","177","179","248","248","192","192","281","281","226","228","301","291"
"SM01","SM32","120","120","140","140","190","200","122","134","252","246","110","110","146","148","107","111","201","201","159","159","204","220","0","0","217","221","177","191","248","254","216","222","281","285","228","228","303","303"
"SM02","SM32","122","124","140","137","210","200","134","120","0","0","110","110","148","148","107","107","201","201","159","159","204","204","199","203","207","215","183","183","236","244","206","198","281","291","234","238","297","315"
"SM04","SM32","118","122","140","140","208","204","122","134","246","246","110","110","146","148","107","111","201","201","159","156","204","206","191","203","217","217","177","177","264","254","216","222","295","279","228","236","295","295"
"SM05","SM32","116","116","134","134","204","198","122","134","244","244","0","0","146","148","107","107","201","203","159","156","204","204","191","203","205","205","183","183","258","258","0","0","281","295","226","228","295","291"
"SM06","SM32","120","118","140","140","212","208","126","134","240","240","110","113","148","148","107","107","201","201","159","159","204","204","0","0","219","219","183","181","250","254","192","192","295","279","228","228","295","295"
"SM07","SM32","120","120","140","140","206","208","134","134","246","240","110","113","148","148","107","111","201","201","159","159","204","204","191","203","217","219","177","183","250","254","192","216","295","295","228","228","295","303"
"SM09","SM32","120","120","140","137","210","204","126","134","244","246","110","113","148","148","107","111","201","201","159","159","204","204","195","195","217","207","183","191","256","254","192","210","283","283","226","228","301","297"
"SM10","SM32","120","126","140","137","210","204","126","134","244","248","113","113","148","148","107","111","201","201","159","159","204","218","191","195","217","217","177","181","256","250","192","210","281","281","228","228","295","301"
"SM11","SM32","120","120","140","140","210","200","134","120","248","248","110","110","148","148","107","111","201","201","159","159","204","204","191","195","205","205","185","181","248","258","216","216","295","295","228","228","295","303"
"SM12","SM32","126","124","140","140","206","206","122","134","244","246","110","113","146","148","107","111","201","201","159","159","226","220","191","191","221","205","181","181","264","254","192","216","281","295","228","228","303","293"
"SM13","SM32","120","124","140","137","206","210","136","132","248","248","110","113","146","148","107","107","201","201","159","159","204","220","191","203","221","205","179","181","264","254","192","216","281","297","228","228","303","293"
"SM14","SM32","120","118","140","137","212","206","134","134","248","248","0","0","148","148","107","107","201","201","159","165","204","204","191","189","219","205","179","191","252","252","210","220","281","279","228","228","295","303"
"SM15","SM32","120","124","140","140","210","210","126","120","248","240","113","113","148","148","107","107","201","201","159","153","204","204","191","201","217","217","179","181","248","250","192","206","295","295","228","228","303","305"
"SM16","SM32","120","120","137","137","214","200","122","122","248","248","110","113","146","148","107","107","201","201","159","159","204","220","191","191","219","221","181","193","248","242","210","216","281","295","228","228","301","297"
"SM17","SM32","120","120","140","137","210","204","134","116","244","248","113","107","146","148","107","111","201","201","159","147","204","222","191","203","219","205","177","179","258","250","192","210","281","279","228","228","307","307"
"SM19","SM32","126","126","140","143","214","214","112","126","0","0","113","113","146","146","107","107","201","201","0","0","0","0","0","0","0","0","0","0","0","0","192","198","283","295","0","0","297","297"
"SM21","SM32","120","120","140","140","214","206","120","128","248","248","113","107","148","148","107","111","203","203","159","159","204","220","191","211","217","207","177","181","248","250","210","210","285","279","228","228","301","297"
"SM22","SM32","120","122","140","140","206","202","120","130","244","244","110","113","146","148","107","107","201","201","159","156","204","220","191","191","221","205","181","181","246","252","192","204","283","289","228","228","295","301"
"SM23","SM32","0","0","140","140","210","204","122","122","248","248","110","113","148","148","107","107","201","201","159","165","204","204","191","191","217","221","179","181","254","252","192","192","281","279","228","228","295","305"
"SM24","SM32","120","118","137","137","208","208","120","116","244","240","113","113","146","148","107","111","201","201","159","156","204","206","191","191","219","219","177","181","248","254","192","210","279","297","228","228","295","301"
"SM27","SM32","120","120","137","137","206","204","122","132","248","248","113","113","146","148","107","107","201","203","159","159","232","222","191","191","217","221","179","191","256","250","218","206","281","283","228","228","297","293"
"SM28","SM32","120","124","137","137","212","204","122","134","248","248","113","107","148","148","107","107","201","201","153","153","204","220","191","189","219","205","177","179","250","250","206","216","283","295","0","0","291","291"
"SM29","SM32","118","124","140","137","206","204","118","128","244","246","110","113","148","148","107","107","201","201","159","159","204","204","191","213","221","221","179","191","248","250","192","192","281","283","228","228","291","305"
"SM30","SM32","120","120","140","140","208","204","120","128","244","248","110","113","146","148","107","107","201","201","159","159","204","204","191","203","217","221","177","191","236","252","206","216","281","281","228","228","299","303"
"SM31","SM32","120","118","140","140","208","216","134","120","244","240","110","113","146","148","107","111","201","199","159","156","204","204","191","203","217","221","179","195","246","242","192","198","285","289","228","228","295","307"
"SM32","SM32","120","126","137","137","208","200","122","122","244","250","110","113","148","148","107","111","201","203","159","159","204","204","191","203","205","225","177","181","248","250","198","216","287","281","226","228","299","307"
"am01","am29","122","122","140","137","206","200","124","120","248","248","113","107","148","148","107","107","201","201","159","159","204","224","191","215","217","217","179","195","250","250","210","222","281","295","228","228","295","297"
"am02","am29","120","124","140","137","204","200","122","120","254","254","113","107","146","148","107","107","201","201","153","153","204","220","201","215","219","219","177","177","238","242","198","198","287","281","228","228","307","297"
"am03","am29","118","118","137","137","208","208","124","116","260","260","113","107","148","148","107","111","201","201","162","156","204","230","189","213","217","217","177","181","236","260","192","198","281","281","228","228","293","293"
"am05","am29","120","122","140","140","212","202","122","120","244","256","110","113","146","146","107","107","201","201","159","153","204","210","203","203","217","225","177","179","256","252","192","192","287","285","228","228","307","291"
"am06","am29","122","124","140","137","212","198","122","134","236","236","113","113","148","148","107","107","201","201","159","159","204","220","191","201","217","217","193","189","248","258","192","200","293","279","0","0","295","303"
"am07","am29","120","118","140","137","208","210","124","124","254","246","110","113","146","148","107","107","201","201","159","156","204","222","191","203","217","217","179","197","238","244","192","192","287","279","228","228","299","299"
"am08","am29","122","122","140","137","210","210","120","120","254","244","113","107","148","148","107","107","201","201","153","153","204","204","201","201","217","217","179","195","256","242","192","198","293","285","228","234","295","291"
"am09","am29","120","118","140","137","210","204","126","134","254","254","113","107","146","148","107","107","201","201","159","153","204","222","203","201","217","217","195","193","256","242","192","192","293","279","228","234","297","311"
"am10","am29","0","0","140","137","0","0","126","126","246","246","110","110","148","148","107","107","201","203","156","156","0","0","191","203","217","217","177","193","242","242","192","198","279","297","228","228","295","311"
"am11","am29","124","124","140","137","212","218","116","132","0","0","110","110","148","148","107","107","201","201","159","156","204","204","191","215","219","215","179","193","244","244","198","226","287","293","228","234","299","317"
"am12","am29","120","122","137","137","202","210","128","116","248","248","113","107","146","152","107","111","201","201","156","165","204","204","199","209","223","223","197","205","246","242","198","198","281","283","234","234","297","293"
"am14","am29","120","126","140","137","208","202","120","128","0","0","110","107","146","148","107","111","201","203","159","153","206","206","0","0","223","221","183","181","258","244","210","220","281","281","234","240","307","287"
"am15","am29","122","122","140","140","206","192","122","128","244","244","113","107","146","146","107","111","201","201","159","159","204","204","219","203","217","221","177","197","256","256","192","192","281","293","0","0","299","307"
"am16","am29","120","122","137","137","212","212","126","118","248","248","110","113","146","150","107","111","201","201","159","156","204","206","209","201","201","221","183","181","248","250","198","198","293","307","234","236","295","303"
"am18","am29","120","120","140","140","210","204","126","134","244","246","113","107","148","148","107","111","201","201","159","159","204","222","201","201","0","0","0","0","0","0","0","0","295","303","0","0","295","301"
"am19","am29","120","120","140","140","202","216","126","124","254","254","110","107","148","148","107","107","201","201","159","153","220","210","191","201","217","217","177","197","250","252","192","216","293","291","228","228","299","303"
"am20","am29","120","122","140","140","208","208","124","130","250","250","110","107","148","148","107","107","201","201","159","165","206","206","219","201","217","227","185","181","248","244","192","220","283","293","228","236","297","303"
"am21","am29","0","0","140","137","208","208","124","140","246","246","110","113","148","148","107","107","201","201","159","153","204","210","203","189","227","205","197","195","238","256","192","210","281","279","228","228","295","301"
"am22","am29","120","122","140","140","208","208","124","130","254","248","110","110","148","148","107","107","201","201","159","156","206","206","219","201","223","201","199","179","252","244","192","196","281","293","236","236","295","309"
"am23","am29","120","122","140","140","206","208","134","130","254","248","110","110","148","148","107","107","201","201","159","156","206","206","205","215","217","227","179","181","252","252","220","222","287","293","228","236","295","297"
"am24","am29","120","124","140","140","208","196","124","116","248","248","113","113","148","148","107","107","201","201","159","153","204","204","219","215","217","201","177","181","252","252","192","220","283","293","236","236","295","297"
"am26","am29","120","120","140","140","206","204","122","134","244","244","113","107","146","148","107","107","201","201","159","159","204","216","203","203","217","207","181","181","248","252","192","192","281","281","228","228","297","283"
"am27","am29","120","118","140","140","210","204","128","132","246","246","110","113","148","148","107","111","201","201","159","159","220","210","191","191","217","225","197","181","248","246","192","192","281","285","242","242","301","293"
"am28","am29","120","118","140","140","208","210","128","130","246","246","113","113","148","148","107","107","201","201","159","162","210","210","191","203","223","221","197","181","238","256","192","210","281","285","228","234","295","297"
"am29","am29","122","122","140","137","206","210","128","128","246","248","113","107","148","148","107","107","201","203","159","153","230","208","191","189","219","223","177","197","248","246","192","192","295","279","228","228","307","297"
"PM100","PM101","120","118","140","140","208","210","122","134","254","244","110","113","148","148","107","107","201","201","159","153","204","204","191","197","217","217","177","177","256","252","192","210","287","287","228","228","295","297"
"PM101","PM101","120","120","140","140","208","210","122","134","254","244","110","113","148","148","107","107","201","201","159","153","204","204","209","213","217","221","177","191","248","254","192","210","287","287","228","228","295","297"
"WG01","WGHerb","0","0","0","0","212","192","122","132","254","236","113","113","146","148","0","0","201","201","153","153","204","220","219","201","221","205","179","195","256","254","192","192","281","297","228","234","287","279"
"WG02","WGHerb","120","126","140","137","204","200","134","130","246","236","113","113","146","148","107","107","203","199","147","156","204","204","191","195","217","205","183","179","248","254","192","206","285","297","242","242","295","295"
"WG03","WGHerb","120","126","140","137","204","200","122","122","236","236","113","113","148","148","107","107","203","199","147","153","204","224","191","191","219","205","179","185","258","254","206","206","285","279","228","242","295","297"
"WG05","WGHerb","120","120","140","137","212","206","122","122","0","0","110","113","148","148","107","107","201","201","159","159","204","204","191","191","217","219","179","197","248","258","192","206","295","285","228","242","295","295"
"WG06","WGHerb","120","122","140","137","212","204","122","130","246","236","110","110","148","148","107","107","201","199","159","159","204","204","203","201","217","207","177","197","258","258","192","206","295","285","242","234","295","289"
"WG07","WGHerb","120","122","140","137","212","204","120","116","246","236","110","113","148","148","107","107","203","199","159","153","204","204","201","195","217","219","183","197","262","258","206","216","287","285","228","242","297","297"
"WG08","WGHerb","120","120","137","137","204","204","122","126","250","236","110","113","146","148","107","107","201","203","147","153","204","204","203","195","217","219","183","179","262","248","192","206","295","289","228","228","289","285"
"WG10","WGHerb","0","0","140","140","202","202","124","132","254","236","113","113","148","148","107","107","201","201","162","162","204","204","191","191","219","219","183","179","248","252","192","206","287","295","228","228","307","301"
"WG11","WGHerb","0","0","140","137","0","0","122","126","236","236","113","113","148","148","107","107","201","201","159","153","220","206","191","203","219","207","183","179","248","252","218","224","285","297","228","228","297","293"
"WG12","WGHerb","120","122","140","137","202","204","124","130","236","236","113","113","148","148","107","111","201","203","159","147","204","220","191","195","0","0","179","193","258","246","192","206","283","283","228","242","295","307"
"WG13","WGHerb","122","122","137","137","204","198","122","138","250","250","113","113","148","148","107","107","201","201","159","159","204","220","203","201","217","223","183","179","256","246","192","206","297","309","228","228","295","325"
"WG15","WGHerb","120","122","140","140","210","210","128","128","246","246","110","110","148","148","107","107","201","203","159","162","204","210","189","189","205","205","177","195","248","246","208","232","281","285","228","234","301","303"
"WG16","WGHerb","122","122","140","140","206","202","122","126","0","0","113","113","148","148","107","107","201","201","159","156","204","220","191","211","217","207","183","179","248","256","192","208","285","309","228","228","295","293"
"WG17","WGHerb","120","124","137","137","212","204","130","138","246","246","113","113","148","148","107","107","201","203","153","153","204","204","191","195","205","205","195","185","262","256","206","208","281","297","228","228","297","293"
"WG19","WGHerb","120","120","140","137","210","198","122","130","246","250","110","113","148","148","107","107","201","201","159","153","204","204","203","203","217","219","179","179","262","252","214","224","281","293","228","228","295","291"
"WG20","WGHerb","120","124","140","137","210","204","128","128","246","246","113","113","148","148","107","107","201","201","159","153","204","204","191","203","217","217","179","195","256","258","192","218","295","285","228","242","295","303"
"WG21","WGHerb","120","122","137","137","212","206","124","130","236","236","113","113","148","148","107","107","201","203","159","147","204","204","195","211","205","205","179","193","258","246","206","206","297","297","228","228","295","307"
"WG23","WGHerb","0","0","140","137","0","0","122","130","250","236","113","113","148","148","107","107","201","201","159","159","204","204","191","203","217","217","179","193","246","252","192","206","283","309","228","228","295","291"
"WG24","WGHerb","0","0","140","137","206","210","120","130","254","236","110","113","146","148","107","107","201","199","159","156","204","204","191","203","217","217","179","195","262","248","192","206","287","293","228","242","295","295"
"WG26","WGHerb","122","122","140","137","206","204","126","116","254","246","110","113","148","148","107","107","201","199","159","153","204","224","201","201","221","225","177","185","248","254","192","218","287","287","228","228","295","295"
"WG27","WGHerb","120","126","140","137","212","204","132","138","250","250","113","113","146","148","107","107","201","203","159","159","204","220","191","191","205","215","189","189","0","0","192","210","301","279","228","242","295","301"
"WG28","WGHerb","120","122","140","140","212","198","122","126","254","246","110","113","148","148","107","107","201","201","159","153","220","220","191","193","217","223","199","195","262","248","192","192","287","293","228","228","295","295"
"WG30","WGHerb","126","124","140","140","202","204","130","132","250","236","113","113","148","148","107","107","201","201","159","159","206","206","193","197","219","211","195","187","250","252","210","200","287","281","228","228","295","297"
"WG32","WGHerb","120","120","140","137","212","204","122","128","254","236","113","113","148","148","107","107","201","201","159","159","224","226","191","213","217","217","179","179","256","252","192","208","287","281","228","228","301","303"
"WGHerb","WGHerb","118","122","140","137","206","202","122","134","248","248","110","110","146","148","107","111","201","203","159","159","204","204","191","189","0","0","177","179","246","250","192","192","283","285","0","0","299","325"
"93.2058","VStA1532.9253.41","120","122","140","143","206","206","122","134","244","244","113","107","148","148","107","111","201","201","159","159","204","204","201","195","207","213","177","195","252","244","192","200","281","293","0","0","0","0"
"93.2059","VStA1532.9253.41","120","118","137","137","204","198","122","134","236","236","113","113","146","148","107","107","201","201","159","159","204","204","0","0","219","223","177","183","250","242","192","200","299","293","0","0","295","301"
"94.2123","VStA1532.9253.41","120","122","140","137","212","198","122","134","244","248","113","107","146","146","107","107","201","201","156","156","204","222","189","189","223","223","179","191","258","252","192","198","281","285","0","0","303","303"
"94.2212","VStA1532.9253.41","120","126","140","143","212","206","122","134","236","236","113","113","148","148","107","107","201","201","159","159","204","220","191","201","217","223","183","181","246","246","192","206","295","279","0","0","291","325"
"2001.324","VStA1532.9253.41","122","122","140","137","212","200","122","134","246","246","113","107","148","148","107","107","201","201","159","159","204","204","191","201","217","209","177","183","238","250","210","202","287","303","0","0","297","303"
"2008.0001","VStA1532.9253.41","120","122","140","137","212","204","122","134","236","236","113","107","146","148","107","107","201","201","159","153","204","224","189","189","221","205","177","183","256","244","198","198","281","285","0","0","301","297"
"5237","VStA1532.9253.41","118","122","137","137","210","200","122","134","246","248","110","110","148","148","107","107","201","201","159","165","204","204","199","209","219","225","181","181","254","252","210","198","281","301","228","234","295","313"
"5242","VStA1532.9253.41","120","124","140","140","214","216","122","134","244","244","113","107","148","148","107","111","201","203","159","156","204","204","191","191","219","207","177","181","250","250","192","192","287","281","228","228","291","297"
"5263","VStA1532.9253.41","120","120","0","0","214","210","122","134","252","248","113","107","148","148","107","107","201","201","159","156","204","206","191","191","217","217","181","181","250","252","192","214","285","279","228","234","295","305"
"12265","VStA1532.9253.41","120","118","140","140","200","216","122","134","246","246","113","113","146","148","107","107","201","201","159","156","204","204","191","191","217","217","0","0","258","250","192","192","295","285","228","228","297","303"
"45450","VStA1532.9253.41","120","126","140","140","206","208","122","134","246","258","110","113","148","148","107","107","201","203","159","159","204","204","189","189","221","205","195","181","252","252","192","192","287","285","228","228","291","297"
"AdRTlB","VStA1532.9253.41","126","122","137","137","202","216","122","134","244","248","113","107","146","148","107","107","201","203","159","156","204","222","201","217","217","223","177","181","248","250","220","206","281","279","228","234","303","293"
"AP01030","VStA1532.9253.41","120","126","140","137","210","204","122","134","248","248","113","107","148","150","107","107","201","201","159","156","204","204","191","201","207","207","177","177","250","244","0","0","281","281","0","0","299","307"
"AP0594","VStA1532.9253.41","120","118","140","137","206","204","122","134","252","244","113","107","148","148","107","107","201","199","159","165","204","204","191","201","217","217","177","195","250","252","192","210","287","295","228","228","299","299"
"AUDAVIS.2008156","VStA1532.9253.41","124","124","137","146","204","204","122","134","246","236","110","113","148","148","107","107","201","201","159","159","204","204","205","205","217","223","195","181","242","252","198","200","299","281","242","234","291","283"
"AUDAVIS.2009114A","VStA1532.9253.41","124","124","140","140","206","204","122","134","252","254","110","107","148","148","107","107","201","203","159","153","204","206","207","201","217","215","0","0","252","244","210","210","281","279","228","228","297","293"
"AUDAVIS.2009114B","VStA1532.9253.41","122","124","140","140","206","210","122","134","252","236","110","113","148","148","107","107","201","201","159","153","204","206","207","207","217","215","197","187","0","0","192","216","285","289","228","242","299","279"
"CHARLES.KEITH","VStA1532.9253.41","122","124","140","140","206","202","122","134","254","246","113","107","148","148","107","111","201","201","162","153","204","206","209","201","0","0","183","165","258","258","206","198","281","285","228","236","297","297"
"DukeLivingColl","VStA1532.9253.41","124","116","137","134","208","204","122","134","254","236","113","107","148","148","107","111","201","201","159","159","208","208","201","201","217","225","199","181","256","256","192","206","281","283","228","242","297","297"
"Morton94.2002x3","VStA1532.9253.41","120","124","137","137","206","198","122","134","252","246","110","110","148","148","107","111","201","201","159","153","204","222","191","201","217","207","177","179","258","246","206","198","285","279","228","242","307","301"
"Morton95.2002x1","VStA1532.9253.41","120","126","140","137","206","210","122","134","248","236","113","113","148","148","107","107","201","201","159","153","204","220","191","191","217","217","177","181","250","250","192","192","283","293","226","228","299","301"
"Morton95.2002x4","VStA1532.9253.41","120","122","140","137","206","204","122","134","244","236","113","113","146","148","107","107","201","201","159","159","204","222","191","191","0","0","177","183","0","0","192","192","0","0","0","0","297","289"
"Morton99.2002x5","VStA1532.9253.41","122","124","140","146","208","204","122","134","248","236","107","107","148","148","107","107","201","201","156","156","204","204","191","203","217","219","183","181","248","252","0","0","279","291","242","234","301","303"
"972A(Morton95.20","VStA1532.9253.41","120","126","140","140","202","210","122","134","248","240","113","107","148","148","107","107","201","201","159","165","204","222","191","189","205","205","177","181","248","250","214","214","293","293","0","0","291","291"
"PEZANN","VStA1532.9253.41","120","120","140","140","212","206","122","134","244","244","110","113","148","148","107","107","201","203","159","159","204","204","203","189","217","217","197","197","238","252","192","192","283","293","228","228","301","301"
"SBG98.0221.1","VStA1532.9253.41","120","122","140","137","210","200","122","134","254","236","110","113","146","148","107","107","201","201","159","159","204","220","191","193","217","207","179","179","250","250","210","204","283","293","228","228","299","295"
"SBG98.0221.2","VStA1532.9253.41","120","122","140","146","192","210","122","134","244","244","113","107","148","148","107","107","201","201","159","156","204","204","201","189","205","213","177","183","256","252","192","198","281","293","228","234","291","303"
"SBG98.0221.3","VStA1532.9253.41","0","0","140","137","202","204","122","128","254","244","113","107","148","148","107","111","201","203","159","165","204","204","209","189","207","205","177","181","248","252","192","198","285","279","228","234","299","295"
"SCBG.13M3","VStA1532.9253.41","120","126","140","137","208","204","122","134","254","244","0","0","148","148","107","111","201","203","159","165","204","204","191","189","205","205","177","197","258","250","192","192","299","281","228","228","295","301"
"SCBG.13N2","VStA1532.9253.41","120","122","140","140","204","200","122","134","244","236","113","107","146","148","107","107","201","201","162","162","204","206","191","189","219","205","177","195","252","244","192","192","287","303","228","228","0","0"
"StarhillArbLot1","VStA1532.9253.41","120","126","140","140","202","210","122","134","248","240","113","107","148","148","107","107","201","201","159","165","0","0","191","191","201","221","181","189","256","252","192","210","281","293","228","228","295","293"
"StarhillArbLot2","VStA1532.9253.41","120","118","140","140","206","198","122","134","244","234","0","0","0","0","0","0","0","0","162","162","206","206","191","199","0","0","0","0","0","0","192","210","0","0","0","0","0","0"
"973A(StarArbLot2","VStA1532.9253.41","120","124","140","137","210","204","122","134","248","248","113","113","148","148","107","107","201","201","159","156","204","204","191","215","201","221","181","191","256","252","192","210","281","293","228","228","295","293"
"Taltree","VStA1532.9253.41","120","126","140","137","208","200","122","134","244","244","113","107","148","148","107","111","201","203","159","165","204","204","191","203","223","225","177","181","250","254","192","218","281","285","228","228","307","307"
"TIGY","VStA1532.9253.41","120","118","140","137","214","214","122","134","246","246","113","107","148","148","111","111","201","203","159","156","204","220","191","191","0","0","177","181","248","250","192","210","287","285","228","228","293","305"
"VStA1532.9253.41","VStA1532.9253.41","120","120","140","137","214","200","122","134","244","244","110","110","146","146","107","107","201","201","162","156","204","222","191","195","207","205","181","191","248","254","210","206","281","281","228","228","301","301"
